associated_document;name;surname;gender;nationality;birthdate;country_id;validity_end_date;;
01.jpg;CALERO CONDE;ALONSO;M;ESP;1971-01-31;AXT103442;2025-09-14;;
01.jpg;MUÑOZ SUQUI;ANDRÉS;M;ESP;1973-08-28;AAP553814;2027-04-19;;
02.jpg;MEDRANO RASTROJO;ORIOL;M;ESP;1980-11-14;ANT621548;2027-09-04;;
03.jpg;VALDÉS JUAN;LUIS;M;ESP;1999-10-28;AUM169556;2029-11-24;;
04.jpg;SIMÓN SIERRA;JAN;M;ESP;2000-04-29;AIJ293151;2028-03-09;;
05.jpg;POZO ALONSO;LAIA;F;ESP;1973-11-23;AOF936619;2028-06-23;;
06.jpg;RIVAS MARIN;VERA;F;ESP;2002-08-31;AKC648563;2028-01-05;;
07.jpg;FRANCO MARIN;LUNA;F;ESP;1982-01-11;ACR734486;2028-03-01;;
08.jpg;PIÑEIRO KOROVINA;VICTORIA;F;ESP;1974-10-12;AME083576;2028-03-17;;
09.jpg;SALGADO NIETO;ANDREA;F;ESP;1971-01-26;AOJ319997;2028-12-06;;
10.jpg;ESCUDERO HERREROS;ALBERTO;M;ESP;1998-07-22;AMU080112;2029-10-20;;
11.jpg;CORONADO VALVERDE;ROBERTO;M;ESP;1978-01-27;AFM146489;2027-02-11;;
12.jpg;CORTEZ VALVERDE;UNAI;M;ESP;1971-10-11;AVY103587;2028-04-09;;
13.jpg;SALAS VELASCO;IKER;M;ESP;1986-05-07;AJO445792;2025-08-21;;
14.jpg;MANUEL SANCHEZ;JOSÉ;M;ESP;1993-10-19;AUU725655;2025-08-02;;
15.jpg;VARGAS PEREZ;MANUELA;F;ESP;1978-04-26;APX817462;2029-03-16;;
16.jpg;ORDÓÑEZ ESPAÑOLA;ABRIL;F;ESP;1993-05-09;APS212983;2025-05-19;;
17.jpg;CORONA BRITO;ZOE;F;ESP;1980-03-30;ATA674250;2028-10-06;;
18.jpg;IBARRA MONTES;FÁTIMA;F;ESP;1986-06-17;AUY606001;2025-04-07;;
19.jpg;ARROYO ARMESTO;INÉS;F;ESP;1994-01-02;AYP193893;2029-09-12;;
20.jpg;BARRIENTOS SANCHEZ;OMAR;M;ESP;1977-07-04;AKE340749;2028-06-27;;
21.jpg;MUNGUÍA GARCIA;HUGO;M;ESP;1988-03-05;AAK391934;2026-09-04;;
22.jpg;LARA GARCIA;LEO;M;ESP;1988-08-15;AOY382235;2025-01-31;;
23.jpg;MANZANARES FRAILE;MARCOS;M;ESP;1987-03-21;AGP296394;2026-08-03;;
24.jpg;JOSÉ GARCIA;JUAN;M;ESP;1974-08-25;AXG842074;2028-08-10;;
25.jpg;REYNOSO HOSPIDO;MANUELA;M;ESP;1984-02-26;ALE356682;2026-03-07;;
26.jpg;ZELAYA SHEVELI;PAOLA;F;ESP;1977-10-22;ANW288086;2026-10-26;;
27.jpg;SANTIAGO RIVERO;SOFÍA;F;ESP;1990-03-09;ASD408319;2028-12-28;;
28.jpg;PÁEZ RUIZ;MARA;F;ESP;1998-01-09;ANV810990;2026-09-01;;
29.jpg;IZQUIERDO LATORRE;ALEJANDRA;F;ESP;1975-03-09;AXM387573;2028-01-27;;
30.jpg;CARBONELL BOUZA;MIGUEL;M;ESP;1982-09-16;AML444636;2029-01-16;;
31.jpg;JAVIER PICA;FRANCISCO;M;ESP;1970-07-26;AGC494645;2029-09-21;;
32.jpg;LIMÓN GOMEZ;POL;M;ESP;1987-03-23;AXF583190;2029-06-18;;
33.jpg;RANGEL ROMANO;ARNAU;M;ESP;1988-10-15;AYU195111;2025-02-03;;
34.jpg;MANUEL MARTINEZ;JOSÉ;M;ESP;1998-11-04;ANV197226;2029-09-26;;
35.jpg;CANO NOGUEIRA;ANA;F;ESP;1970-01-13;AJO055707;2029-03-16;;
36.jpg;URBINA PEREZ;ANE;F;ESP;1978-07-19;AAY199884;2026-08-27;;
37.jpg;SAUCEDO LATORRE;BERTA;F;ESP;1990-11-10;ANJ705121;2027-02-28;;
38.jpg;PERES MUÑOZ;AROA;F;ESP;1985-12-02;AAM432260;2025-11-06;;
39.jpg;BURGOS RIVERO;SALMA;F;ESP;1991-02-16;ABC233223;2026-07-10;;
40.jpg;OLVERA SEPULCRE;MARCOS;M;ESP;1994-05-12;AVT030838;2026-06-24;;
41.jpg;ANTONIO SEPULCRE;JOSÉ;M;ESP;1993-04-30;APP662688;2028-06-12;;
42.jpg;MANUEL LLANO;JOSÉ;M;ESP;1984-03-20;AWR229275;2029-08-27;;
43.jpg;TIRADO CARMONA;YAGO;M;ESP;1994-04-04;AHI541372;2027-01-30;;
44.jpg;SAUCEDO BLANCO;AROA;M;ESP;1983-08-01;AKY024956;2028-02-06;;
45.jpg;ESTRADA BLANCO;CRISTINA;F;ESP;1975-08-25;AHE227741;2027-08-29;;
46.jpg;BAÉZ MARTINEZ;NADIA;F;ESP;1989-11-20;ATC278026;2027-07-24;;
47.jpg;ALARCÓN RUIZ;LARA;F;ESP;1987-03-12;AQC925920;2027-06-04;;
48.jpg;COBO RUIZ;NADIA;F;ESP;1981-01-19;AII570695;2027-11-10;;
49.jpg;ZELAYA MARTINEZ;FRANCISCO;F;ESP;1977-05-31;AHB270417;2028-04-23;;
50.jpg;CASA CIUDAD;AITOR;M;ESP;1971-05-15;ADP088372;2025-05-28;;
51.jpg;ELIZONDO CRESPO;JOEL;M;ESP;1979-03-31;ATU023033;2025-09-13;;
52.jpg;OLIVÁREZ CRESPO;MARC;M;ESP;1999-11-06;ANS704639;2027-10-27;;
53.jpg;ROSAS CRESPO;UNAI;M;ESP;1998-06-17;AIN230628;2027-11-22;;
54.jpg;SERRANO BORT;RUBÉN;M;ESP;1989-01-22;ADZ796778;2025-11-09;;
55.jpg;RIVERO PAGADOR;LIDIA;F;ESP;2002-11-10;ARD716111;2029-04-10;;
56.jpg;GARCIA OTERO;ANDREA;F;ESP;1994-11-29;AFZ603572;2025-10-07;;
57.jpg;CRESPO LORENZO;HELENA;F;ESP;1975-05-11;ACE173935;2027-06-16;;
58.jpg;BENAVIDES SANCHEZ;AINARA;F;ESP;1989-05-24;AOF355990;2028-01-27;;
59.jpg;MASCAREÑAS MUÑOZ;MARTINA;F;ESP;1992-06-04;AJO042514;2029-11-01;;
60.jpg;LEIVA ROMERA;GUILLEM;M;ESP;2001-03-19;AXV043478;2027-07-15;;
61.jpg;MANUEL CARMONA;JOSÉ;M;ESP;1973-02-23;AYP304353;2026-12-10;;
62.jpg;JAVIER PEREZ;FRANCISCO;M;ESP;1983-02-14;AVC186754;2029-05-21;;
63.jpg;PIÑEIRO PEREZ;PABLO;M;ESP;1984-01-21;AVF743511;2027-02-24;;
64.jpg;BATISTA GARCIA;PEDRO;M;ESP;1978-12-28;AFL686545;2028-01-18;;
65.jpg;MANDRAGÓN BARRIO;ERIKA;F;ESP;1997-02-26;AYA206560;2026-11-06;;
66.jpg;GALÁN IBARRECHE;MARTINA;F;ESP;1974-09-08;AZI281269;2029-05-16;;
67.jpg;VACA ALVAREZ;SARA;F;ESP;1978-04-21;ALF074704;2028-09-02;;
68.jpg;ÁLVAREZ PRIETO;AINARA;F;ESP;1982-07-13;ADJ985942;2028-03-19;;
69.jpg;JAIME LOPEZ;ROCÍO;F;ESP;1981-01-28;AJT255737;2029-06-08;;
70.jpg;VILLALPANDO SANZ;MARCO;M;ESP;2002-12-21;AXK934848;2026-07-21;;
71.jpg;ORTA FERNANDEZ;ANDRÉS;M;ESP;1995-02-11;AAK858120;2026-06-28;;
72.jpg;FAJARDO TRUJILLO;ANDER;M;ESP;1981-02-25;AMC599870;2029-08-14;;
73.jpg;PANTOJA ESPAÑOL;MARIO;M;ESP;1989-09-24;ANR715750;2029-06-30;;
74.jpg;PIÑEIRO SANCHEZ;UNAI;M;ESP;1972-07-09;AAB774263;2026-01-19;;
75.jpg;VILLASEÑOR BRUNO;CARMEN;F;ESP;1981-04-18;AAK189348;2025-02-25;;
76.jpg;VILLEGAS PRETO;AINA;F;ESP;1970-07-20;AZY396527;2026-07-25;;
77.jpg;RUVALBACA NORES;NAIARA;F;ESP;1971-10-13;AZO623833;2028-12-01;;
78.jpg;MURO NORES;CARLA;F;ESP;1995-07-14;AZP506933;2029-09-16;;
79.jpg;LUNA VIANA;ANGELA;F;ESP;1995-01-04;AVT828330;2026-10-24;;
80.jpg;ARMENDÁRIZ RODRIGUEZ;MARTÍN;M;ESP;1969-12-24;ADX521100;2025-10-18;;
81.jpg;BLANCO GARCIA;SANTIAGO;M;ESP;1953-11-10;APV185157;2029-11-28;;
82.jpg;RÍOS SAEZ;DAVID;M;ESP;1964-05-30;AVX353508;2027-01-12;;
83.jpg;GIRÓN COSTOYA;HUGO;M;ESP;1967-05-12;AHW407944;2028-01-04;;
84.jpg;ROQUE BARROSO;BIEL;M;ESP;1959-03-17;ADS131014;2026-03-02;;
85.jpg;GUAJARDO MARIANO;ANA;F;ESP;1962-06-05;AIR875570;2025-08-05;;
86.jpg;ARMAS VIANA;MIRIAM;F;ESP;1953-10-19;AWM657179;2028-05-31;;
87.jpg;ROBLES SANCHEZ;YAIZA;F;ESP;1964-09-01;AUP358280;2029-05-25;;
88.jpg;ZELAYA LAGO;MARTA;F;ESP;1962-02-05;AVJ014767;2027-03-20;;
89.jpg;MÁS SANCHEZ;MAR;F;ESP;1951-01-23;AKW284120;2028-11-21;;
90.jpg;FIGUEROA GARRIDO;IKER;M;ESP;1969-02-16;AFV020258;2025-02-20;;
91.jpg;FONSECA RODRIGUEZ;JAN;M;ESP;1954-07-05;ALY883399;2028-03-20;;
92.jpg;GODOY REGUILLON;AITOR;M;ESP;1956-06-06;AUS300407;2025-04-03;;
93.jpg;SANCHO CAPDEVILA;GUILLEM;M;ESP;1970-05-03;AOP883370;2025-07-30;;
94.jpg;SANCHO CASTRO;GUILLEM;M;ESP;1958-10-02;AZL118536;2027-11-15;;
95.jpg;REGALADO TOSCANO;MALAK;F;ESP;1965-08-26;ADI677481;2025-01-12;;
96.jpg;ESQUIBEL GARCIA;LOLA;F;ESP;1963-03-06;ALI721522;2027-09-03;;
97.jpg;CAMARILLO FERNANDEZ;ALMA;F;ESP;1969-06-29;AQT972988;2025-09-04;;
98.jpg;RUVALCABA JONES;SALMA;F;ESP;1968-05-28;ATQ154842;2028-06-05;;
99.jpg;IGLESIAS JONES;DIANA;F;ESP;1950-03-12;AKE649176;2028-09-21;;
